suite,operation,implementation,device,dtype,batch_size,seq_len,dim,seeds,repeats_per_seed,p50_mean,p50_std,p50_min,p50_max,p99_mean,p99_std,variance_pct,p50_ci95,p99_ci95
trajectory_resampling,trajectory_resample_small,cuda,cuda,torch.bfloat16,8,250,128,5,50,0.1837410032749176,0.00040867486490285857,0.1833349815569818,0.1844060025177896,0.1978627871721983,0.00943762777566737,0.2224189797697957,0.0003582193132183872,0.00827244548307109
trajectory_resampling,trajectory_resample_small,pytorch,cpu,torch.bfloat16,8,250,128,1,20,20.142959023360163,0.0,20.142959023360163,20.142959023360163,20.252924994565547,0.0,0.0,0.0,0.0
trajectory_resampling,trajectory_resample_medium,cuda,cuda,torch.bfloat16,32,500,256,5,50,2.605051186401397,0.004474047487279914,2.6010869769379497,2.6137849781662226,2.6842380175366998,0.1207059043834853,0.1717450893339389,0.003921675531919046,0.10580339013492868
trajectory_resampling,trajectory_resample_medium,pytorch,cpu,torch.bfloat16,32,500,256,1,20,38.38514199014753,0.0,38.38514199014753,38.38514199014753,43.012144044041634,0.0,0.0,0.0,0.0
trajectory_resampling,trajectory_resample_large,cuda,cuda,torch.bfloat16,64,1000,512,5,50,20.050547586288303,0.004853212889072115,20.04309097537771,20.055938977748156,20.174294407479465,0.06495660201015055,0.024204889508309572,0.004254028660263412,0.05693697205138167
trajectory_resampling,trajectory_resample_large,pytorch,cpu,torch.bfloat16,64,1000,512,1,20,75.68875205470249,0.0,75.68875205470249,75.68875205470249,79.0025379974395,0.0,0.0,0.0,0.0

